food1,food2,reason,grade
牛奶,韭菜,牛奶与韭菜同食会影响钙的吸收，降低营养价值,1级（建议不要一起吃）
菠菜,豆腐,菠菜中的草酸与豆腐中的钙结合生成草酸钙，降低钙的吸收利用率，长期大量同食可能增加结石风险,1级（建议不要一起吃）
牛奶,巧克力,牛奶中的蛋白质和钙与巧克力中的草酸结合生成不溶性草酸钙，不仅无法被人体吸收，还可能引发腹泻、头发干枯等问题,1级（建议不要一起吃）
浓茶,鸡蛋,浓茶中的鞣酸与鸡蛋中的蛋白质结合，形成不易消化的沉淀物，减慢消化速度，影响蛋白质和铁的吸收,1级（建议不要一起吃）
浓茶,牛奶,浓茶中的鞣酸与牛奶中的蛋白质结合，降低蛋白质的吸收效率，同时影响钙的吸收,1级（建议不要一起吃）
海鲜,水果,海鲜中的蛋白质和钙与水果中的鞣酸结合，形成不易消化的沉淀物，降低蛋白质营养价值，刺激肠胃引发不适,1级（建议不要一起吃）
海带,猪血,海带与猪血同食会影响消化，导致便秘，降低营养吸收效率,1级（建议不要一起吃）
黄瓜,西红柿,黄瓜中的维生素C分解酶会破坏西红柿中的维生素C，降低营养价值,1级（建议不要一起吃）
胡萝卜,白萝卜,胡萝卜中的维生素C分解酶会破坏白萝卜中的维生素C，降低营养价值,1级（建议不要一起吃）
南瓜,羊肉,南瓜与羊肉同食可能引发黄疸和脚气，加重肠胃代谢负担,2级（禁止一起吃）
红薯,柿子,红薯与柿子同食会在胃酸作用下形成胃柿石，引发胃胀、腹痛、呕吐，严重时可导致胃出血,2级（禁止一起吃）
螃蟹,柿子,未成熟的柿子与螃蟹同食，鞣酸与蛋白质结合形成胃柿石，引发腹痛、腹胀，螃蟹不新鲜时还可能引发急性肠胃炎,2级（禁止一起吃）
虾,维生素C,虾中的五价砷与维生素C反应会生成剧毒的三价砷（砒霜），虽正常食用剂量无法达到中毒阈值，但大量同食存在健康风险,3级（禁止一起吃）
海鲜,啤酒,海鲜与啤酒同食会促使嘌呤和苷酸分解，增加血液中尿酸含量，易诱发痛风、尿路结石,2级（禁止一起吃）
白酒,柿子,白酒与柿子同食会引发心闷、腹胀，加重肠胃负担，严重时可导致肠胃出血,2级（禁止一起吃）
韭菜,白酒,韭菜与白酒同食会加重身体燥热，上火症状，有出血性疾病的人群食用后可能增加出血风险,2级（禁止一起吃）
牛肉,板栗,牛肉与板栗同食不易消化，可能引发腹胀、腹痛，降低营养吸收效率,1级（建议不要一起吃）
蜂蜜,大葱,蜂蜜与大葱同食可能引发腹泻、腹痛，刺激肠胃黏膜,2级（禁止一起吃）
羊肉,西瓜,羊肉与西瓜同食会损伤肠胃，降低消化功能，引发腹胀、腹泻,2级（禁止一起吃）
狗肉,绿豆,狗肉与绿豆同食会引发腹胀、腹痛、呕吐，严重时可导致脱水、休克,3级（禁止一起吃）
鸡蛋,豆浆,豆浆中的胰蛋白酶抑制物会影响鸡蛋中蛋白质的吸收，降低营养价值,1级（建议不要一起吃）
萝卜,橘子,萝卜与橘子同食会诱发甲状腺肿，影响甲状腺功能,2级（禁止一起吃）
茄子,黑鱼,茄子与黑鱼同食会损伤肠胃，加重肠胃代谢负担,2级（禁止一起吃）
茄子,螃蟹,茄子与螃蟹同食会损伤肠胃，引发腹胀、腹泻,2级（禁止一起吃）
竹笋,豆腐,竹笋中的草酸与豆腐中的钙结合生成草酸钙，易引发结石，降低钙吸收,1级（建议不要一起吃）
竹笋,糖,竹笋与糖同食会生成赖氨酸糖基，影响营养价值，不易消化,1级（建议不要一起吃）
香蕉,芋头,香蕉与芋头同食会引发腹胀、腹痛，加重肠胃负担,2级（禁止一起吃）
红薯,香蕉,红薯与香蕉同食会引发腹胀、反酸，加重肠胃负担,2级（禁止一起吃）
香菜,补药,香菜与补药同食会降低补药的药效，影响营养吸收,1级（建议不要一起吃）
马齿苋,鳖甲,马齿苋与鳖甲同食会引发消化不良，腹胀、腹痛,2级（禁止一起吃）
鸡肉,芹菜,鸡肉与芹菜同食会损伤元气，降低营养吸收效率,1级（建议不要一起吃）
汽水,巧克力,汽水与巧克力同食会导致血糖快速升高，加重肠胃负担，引发肥胖、血糖波动,1级（建议不要一起吃）
葡萄,海鲜,葡萄中的鞣酸与海鲜中的蛋白质结合，形成不易消化的沉淀物，降低蛋白质营养价值，引发肠胃不适,1级（建议不要一起吃）
石榴,海鲜,石榴中的鞣酸与海鲜中的蛋白质结合，形成不易消化的沉淀物，降低蛋白质营养价值，引发肠胃不适,1级（建议不要一起吃）
山楂,海鲜,山楂中的鞣酸与海鲜中的蛋白质结合，形成不易消化的沉淀物，降低蛋白质营养价值，引发肠胃不适,1级（建议不要一起吃）
羊肉,醋,羊肉与醋同食会降低羊肉的营养价值，同时引发肠胃不适,1级（建议不要一起吃）
猪肉,菱角,猪肉与菱角同食会引发腹胀、腹痛，消化不良,2级（禁止一起吃）
猪肉,百合,猪肉与百合同食会引发中毒，出现腹痛、呕吐等症状,3级（禁止一起吃）
猪肝,维生素C,猪肝中的金属离子会氧化维生素C，降低营养价值,1级（建议不要一起吃）
黄瓜,辣椒,黄瓜中的维生素C分解酶会破坏辣椒中的维生素C，降低营养价值,1级（建议不要一起吃）
南瓜,维生素C丰富的蔬果,南瓜中的维生素C分解酶会破坏蔬果中的维生素C，降低营养价值,1级（建议不要一起吃）
牛奶,酸性饮料,牛奶与酸性饮料同食会使牛奶中的蛋白质凝固，影响消化吸收，降低营养价值,1级（建议不要一起吃）
豆浆,红糖,豆浆中的蛋白质与红糖中的有机酸结合，生成沉淀物，降低营养价值,1级（建议不要一起吃）
啤酒,白酒,啤酒与白酒同食会加重肝脏负担，刺激肠胃，易引发酒精中毒、肠胃出血,2级（禁止一起吃）
浓茶,白酒,浓茶与白酒同食会加重心脏和肝脏负担，刺激肠胃，引发心律失常、肠胃不适,2级（禁止一起吃）
羊肉,浓茶,羊肉中的蛋白质与浓茶中的鞣酸结合，形成不易消化的沉淀物，影响蛋白质吸收,1级（建议不要一起吃）
牛肉,浓茶,牛肉中的蛋白质与浓茶中的鞣酸结合，形成不易消化的沉淀物，影响蛋白质吸收,1级（建议不要一起吃）
猪肉,浓茶,猪肉中的蛋白质与浓茶中的鞣酸结合，形成不易消化的沉淀物，影响蛋白质吸收,1级（建议不要一起吃）
柿子,高蛋白食物,未成熟的柿子与高蛋白食物同食，鞣酸与蛋白质结合形成胃柿石，引发腹痛、腹胀,2级（禁止一起吃）
涩柿子,任何食物,涩柿子中高含量的鞣酸会刺激肠胃，空腹食用易引发胃柿石，即使搭配其他食物也需谨慎,2级（禁止一起吃）
鸡蛋,糖精,同食可能会引起中毒，严重可导致死亡,3级（禁止一起吃）
豆腐,蜂蜜,同食可能导致腹泻，传统说法称会导致耳聋,2级（禁止一起吃）
蜂蜜,韭菜,同食容易导致腹泻,2级（禁止一起吃）
白酒,胡萝卜,同食容易使肝脏中毒,2级（禁止一起吃）
茶,鸡蛋,茶叶中的鞣酸可能影响人体对鸡蛋中蛋白质的吸收,1级（建议不要一起吃）
萝卜,水果,同食可能抑制甲状腺对碘的摄取，诱发甲状腺肿,1级（建议不要一起吃）
蜂蜜,豆浆,豆浆中的蛋白质与蜂蜜结合，可能产生沉淀，影响吸收,1级（建议不要一起吃）
茶,酒,酒后饮茶会加重心脏负担,2级（禁止一起吃）
酒,咖啡,会极大增加心血管负担，甚至危及生命,3级（禁止一起吃）
鸡肉,芝麻,同食严重会导致死亡,3级（禁止一起吃）
鹅肉,柿子,同食严重会导致死亡,3级（禁止一起吃）
糖精,甜酒,同吃会中毒,2级（禁止一起吃）
红糖,皮蛋,同食会引起中毒,2级（禁止一起吃）
香蕉,酸奶,同食可能产生致癌物（此说法缺乏科学依据）,1级（建议不要一起吃）
土豆,香蕉,同食可能生雀斑（此说法缺乏科学依据）,1级（建议不要一起吃）
洋葱,蜂蜜,同食会伤害眼睛（传统说法）,1级（建议不要一起吃）
甲鱼,苋菜,同食会中毒,2级（禁止一起吃）
鲤鱼,甘草,同食会中毒,2级（禁止一起吃）
木耳,萝卜,同食可能导致皮肤发炎,1级（建议不要一起吃）
花生,黄瓜,同食会伤害肾脏（传统说法）,1级（建议不要一起吃）
兔肉,芹菜,同食可能导致脱发（传统说法）,1级（建议不要一起吃）
鹅肉,鸡蛋,同食会伤元气,1级（建议不要一起吃）
猪肉,牛肉,传统说法称同食会有所冲突,1级（建议不要一起吃）
猪肉,羊肝,同食容易产生便秘,1级（建议不要一起吃）
猪肉,菊花,同食严重会导致死亡,3级（禁止一起吃）
蟹,芹菜,同食会影响蛋白质的吸收,1级（建议不要一起吃）
蛤,芹菜,同食会引起腹泻,2级（禁止一起吃）
黄瓜,芹菜,同食会减少营养成分的吸收,1级（建议不要一起吃）
南瓜,油菜,同食会破坏维生素C,1级（建议不要一起吃）
牛奶,菠菜,同食会引起痢疾,2级（禁止一起吃）
蒜,狗肉,同食会引起中毒,2级（禁止一起吃）
红糖,牛奶,使牛奶的营养价值大大降低,1级（建议不要一起吃）
味精,鸡蛋,破坏鸡蛋的天然鲜味,1级（建议不要一起吃）
茶,羊肉,容易发生便秘,1级（建议不要一起吃）
牛奶,米汤,导致维生素A大量损失,1级（建议不要一起吃）
牛奶,橘子,引起胃炎或胃蠕动异常,2级（禁止一起吃）
白酒,牛肉,容易引起牙齿发炎,1级（建议不要一起吃）
红糖,竹笋,形成赖氨酸糖基，对人体不利,1级（建议不要一起吃）
糖,食铜食物,食糖过多会阻碍人体对铜的吸收,1级（建议不要一起吃）
茶,白糖,糖会抑制茶清热解毒的效果,1级（建议不要一起吃）
牛奶,果汁,降低牛奶的营养价值,1级（建议不要一起吃）
酒,牛奶,导致脂肪肝，降低奶类的营养价值,2级（禁止一起吃）
酒,糖类,导致血糖上升，影响糖的吸收,2级（禁止一起吃）
白酒,核桃,易致血热，严重时会出鼻血,1级（建议不要一起吃）
甲鱼,黄鳝,与蟹同食，孕妇忌食,2级（禁止一起吃）
土豆,香雀,传统说法称不宜同食,1级（建议不要一起吃）
田螺,牛肉,传统说法称会中毒,2级（禁止一起吃）
田螺,木耳,传统说法称会中毒,2级（禁止一起吃）
田螺,玉米,传统说法称会中毒,2级（禁止一起吃）
虾,金瓜,传统说法称会中毒,2级（禁止一起吃）
虾,青枣,传统说法称会中毒,2级（禁止一起吃）
牛肉,红糖,传统说法称会胀死人,2级（禁止一起吃）
牛肉,鲶鱼,传统说法称会中毒,2级（禁止一起吃）
鸡蛋,豆奶,同食会影响营养的吸收,1级（建议不要一起吃）
哈密瓜,香蕉,同食可能导致肾衰与关节病人病症加重,1级（建议不要一起吃）
大葱,大枣,同食会导致脾胃不和,1级（建议不要一起吃）
橘子,柠檬,同食可能导致消化道溃疡穿孔,2级（禁止一起吃）
西瓜,桃子,传统说法称同食会中毒,2级（禁止一起吃）
海鲜,含鞣质水果,可能引起肠胃不适,2级（禁止一起吃）
肉类,茶,茶叶中的鞣酸可能与蛋白质结合，影响消化,1级（建议不要一起吃）
咸鱼,乳酸饮料,不宜搭配食用,1级（建议不要一起吃）
鲤鱼,狗肉,传统说法称不宜同食,1级（建议不要一起吃）
鳝鱼,狗肉,传统说法称不宜同食,1级（建议不要一起吃）
泥鳅,狗肉,传统说法称不宜同食,1级（建议不要一起吃）
海味,甘草,传统说法称不宜同食,1级（建议不要一起吃）
桃子,鳖肉,传统说法称不宜同食,1级（建议不要一起吃）
鸭梨,鹅肉,传统说法称不宜同食,1级（建议不要一起吃）
苹果,海味,传统说法称不宜同食,1级（建议不要一起吃）
杨梅,生葱,传统说法称不宜同食,1级（建议不要一起吃）
杏,小米,传统说法称不宜同食,1级（建议不要一起吃）
柑橘,萝卜,传统说法称不宜同食,1级（建议不要一起吃）
茄子,黑豆,传统说法称不宜同食,1级（建议不要一起吃）
韭菜,菠菜,传统说法称不宜同食,1级（建议不要一起吃）
花生,毛蟹,传统说法称不宜同食,1级（建议不要一起吃）
豆腐,牛奶,同食可能影响消化,1级（建议不要一起吃）
猪肝,黄豆,传统说法称不宜同食,1级（建议不要一起吃）
猪肉,鹌鹑,传统说法称不宜同食,1级（建议不要一起吃）
鸡肉,芥末,传统说法称会伤元气,1级（建议不要一起吃）
驴肉,黄花,同食心痛致命（传统说法）,3级（禁止一起吃）
海蟹,大枣,同食易得疟疾（传统说法）,2级（禁止一起吃）
芥菜,鸭梨,同食发呕（传统说法）,1级（建议不要一起吃）
兔肉,小白菜,同食易呕吐（传统说法）,1级（建议不要一起吃）
马肉,木耳,同食得霍乱（传统说法）,3级（禁止一起吃）
牛肉,毛姜,同食中毒死亡（传统说法）,3级（禁止一起吃）
